file,bytes,sha256
.gitignore,90,0c47a9a69c265e7796b032cfd0f31d084851153bf6569d1b90a7bffc39128057
.python-version,8,f01d748a75eb195e6fd73201279bfb23f09036ddd360eb3e9ff40ef042acbc8a
.streamlit/config.toml,297,485eff23719f19444df86a59a2999308a2ab2f74d57723bbb2ced8c9b7169f8a
.streamlit/secrets.example.toml,286,974e3db85f956326ca8c576fdeca1a41e33eef40fe1bcc253bd1fc49229fb04a
app.py,4568,ef7e85ad6911811b42d7fcca2224bb9aee80469d8f43aed13e111f7a24a79bba
ASSET_AND_LICENSE_NOTES.md,2845,2e1b761813a1388186e4fe2dfe5ff90970aa9d14a59203c4ae4b9d655840f57f
contracts/NDRO_Public_Snapshot_Data_Contract_v0.1.md,4257,5fe97920a79ed1e6cf7bc7df92d0f089986b959e2854c460484c0a558a44b5bd
DATA_LICENSE.md,2848,00624168d3f803fdd83a7f344a5e4390e60951b16b377e24b37daa88970ab03f
DEPLOYMENT_GUIDE.md,3477,8e604611bae9268a23a44653c172533b72afa0860af36bb750d1ec08232902c0
docs/AUDIT_POLICY.md,2272,6bf8d5d4e7c6eba5fcf5f30046b3e7a31ab7ef8be55390ab5005f323bce3d66c
docs/CHANGELOG.md,1664,311c804ede62ffd3d7014cec8557384145a9ef3d99bd1f68467f0ccf352c5691
docs/CITATION_AND_REUSE.md,1461,88d1cc0cdc244c6ec46b22384b1d4ce31a5a0799a709696d587049e62757d03d
docs/DATA_DICTIONARY.md,1796,9f39a48d8b2879c14830b9e86b9b5b87ffd5c4e161fb170e4fd50bf198812719
docs/INTRODUCTION.md,3088,422c887d538da9c9cdc46d6a666de6920cfd309c737ca9d65d221ad07ff2cd7a
docs/METHODOLOGY.md,3393,097551895e5decc8af41c5764783aee1901a607d89c5f48308ebc7a43e51d81d
docs/PRIVACY_NOTICE.md,4733,17ae8610e9564c31dcb477d62ce842f6bcf8daa5d163c6e8c32651323cf311b7
docs/REVIEW_PROTOCOL.md,8128,36807406ae1489e926fd9569102073f876b50949d054939c6f21c24bb1159d0e
IMPLEMENTATION_DECISIONS.md,9518,905bc89e76704f55315e8c8d78fbfeaf94dca6b68567478f52c3c3b901724977
LICENSE,11357,c71d239df91726fc519c6eb72d318ec65820627232b2f796219e87dcf35d0ab4
LOCAL_BETA_REPORT.md,3706,934262641879d3bda51c7dda23ffa0f3d9026e69e5b48eee239eabff655a856c
ndro_app/__init__.py,502,283d10a2c3e19a4a5a1d42df11306607be2bfda5eb1fc3e6816f8a9fce5c0330
ndro_app/audit.py,6705,1b2d7956f4faf41988c7d996b2597cdb29abfc6854f91dfcb3ff7b0c605b59bb
ndro_app/cards.py,8157,e4847df2179936f6aea3d829e2c836638adc6bb7c34522bcbd90881904ae1828
ndro_app/charts.py,5984,b55fab105f5cfa50f22322f918e4b4805cdd07ed513a3018e4d39268af93b638
ndro_app/config.py,1548,e54e63770d3eac82a1ef21b19f21eb3ddcd57441a5bac35efb8a20c328a8c819
ndro_app/copy.py,27055,00ffb33b18df6c11b4b04aea1cd02f437e73c8f9c045820a1ecb2c0871e45087
ndro_app/data_loader.py,12475,a32ce6179698477daf063f0a3e6209b81031d03c26259c3bb3de452f33a86f66
ndro_app/exceptions.py,1136,a282f359749b3e46125bd5f56bffbbf1e5c8ed5fbabd0925499fc3d083ec9181
ndro_app/filters.py,3558,779e19b4d558324ba70fde019b89d454c2d38c83cd8a24dc5131a8387688ea5c
ndro_app/metrics.py,10729,e3017f5355fb5511fe89c971785795d68c21313095c0dcfc8b20e0b15f6b7ea8
ndro_app/public_export.py,8388,77290cfa53a8d5745ebdcfd956de8e5702465dcc7774c1de35d3d02fe8693902
ndro_app/schema.py,4679,ec7fb2b2febe5fe1dd450feefb34cd9afdaf9cc3745d899996f3807837bddaef
ndro_app/styles.py,4163,95d1408eb16b08cf69ad95c67a292bb12c27bfbdbdf531347fbf26d78afcd189
ndro_app/ui.py,590,ea6d60eda49badc63d757d79997c833b53dd7a8493fa438898a742d43fce6992
ndro_app/views/__init__.py,77,a2fd5ff140f6d40ed3554d3edbd9fe092b3bb2f6c9cb07009fdfcae5017298bb
ndro_app/views/about.py,1626,7f5803eea047c80c6590b47ee750ab5e1698745b346bc28660363eb303ae032a
ndro_app/views/audit.py,8264,bbad5e27430b0035a74395d76a97634e3b68c575870dadd82b30196d14379648
ndro_app/views/documentation.py,1133,5daafb14219a394e84511cb66ac09f7d30603f63395f912736a4f2624250298a
ndro_app/views/downloads.py,2279,7a39f77fc1bdfc2525e4010b2210bbbd339be6b4422d02266f8e174addc21851
ndro_app/views/explorer.py,4968,b13ac0c419aa1ebd2f4b091533b20d07af70004876e09443cf544d01f7c99ceb
ndro_app/views/geographic.py,2303,348e508fb27734b510c4a874eb0c92e8ac2b59451362e3bf6d0625bd38d49a80
ndro_app/views/methods.py,4637,125766d8682ea607d3837c7a4ac7d66dc981d967a1c089041019556c61b434b7
ndro_app/views/overview.py,7492,73bee1ef5eed642e60e3104eab845b5bbc56a1c961284de4ff71057885db76e3
ndro_app/views/protocol.py,3526,f85972084019504e5d1728bc6df102f2c92a7528409c30202c655668a3e9403d
ndro_app/views/roadmap.py,985,05b7c7b63dd89c7c06602f8cc6878a328d2f29886a12af10fc93f89ea7357bb5
ndro_app/views/trends.py,1666,2b28eb626441f941d98c99965ea250fceba9eecc3a42a8176afe9796c957a0a5
NOTICE,442,c1a1217a88cef5542740aa40ddc15c9210174d22b2e7a305969da6bf9be80dee
PUBLIC_RELEASE_BUILD_REPORT.json,678,64310e6606ce20574590963b1f152d86405f292dd5c77dcc7ef81c5359ab501f
PUBLIC_RELEASE_READINESS_AUDIT.md,9352,5ef71ff818fcaa81a4ed6880f6d9eed716ac95a49530e48881efe8d8581f14c5
README.md,10676,2088efe76094fb2f876922b4ab74f2cb0704b023b481a3a62c64a4669b2f1bb2
requirements-dev.txt,169,7d7ef129b0bca5fbe731b31ae9866f312dd11bb1404508773b7601dd0b693a4a
requirements-lock.txt,875,255cefa582d9daf3131b92c7868579695f1f10f4a79f191a3304d4e27533c6f5
requirements.txt,277,ed63708fd904cb0878e2dec70ccf697a1dcfd8743d439f769ea0de88cf3db3e4
runtime.txt,12,0ecb97b647d70ee7b67201a0ec93f16d5de79067ee9ed08f3248083d275db1a3
scripts/build_public_release.py,9027,7294bc8aefc49446e964a495356860efaa12c0bb824b6e87a19275ffef4122d8
scripts/prepare_public_snapshot.py,1762,9680c580383103b609968db655b6c3c5d1af358eb6497c914c1088ed785e4668
snapshots/ndro-mvp-v0.1.2-20260823/articles.csv,928040,1a0bb2a8f55d2d17db9825810cb3a25d9b1a464a22cc2f6db4ed748ce5beeddf
snapshots/ndro-mvp-v0.1.2-20260823/coverage.csv,727,791169aa5faa93851627e25622f998699673bd509cda3abf5347c56ebd9aacbf
snapshots/ndro-mvp-v0.1.2-20260823/evidence_spans.csv,339248,eb186a4a062199bd2eb15cc80f127104b88a55045741c476366d93fe7b09502f
snapshots/ndro-mvp-v0.1.2-20260823/interventions_outcomes.csv,165196,2778f5bbae3d587c51e26bc099d43e8c5073c4c1b5834e8e9fd40f052bb2f8a4
snapshots/ndro-mvp-v0.1.2-20260823/SHA256SUMS.csv,601,f3b61a6a42b40ddcbc569e8c017419e2bdf1c48b0e843c4df3fca37bec089a86
snapshots/ndro-mvp-v0.1.2-20260823/snapshot_metadata.json,1005,021ee3823a2f2fd261a7057ced7774233c3255b125908feaa50fa12e8a1dc970
snapshots/ndro-mvp-v0.1.2-20260823/study_facts.csv,45757,10e26af6a0d2e8eb9c974e3635416724e66475a82b95c11334b3163fd12d1866
snapshots/ndro-mvp-v0.1.2-20260823/validation_report.json,355,57965a394d7ca4dff0c96ad5125cb18d5d8a4231c11749e82bf3500ab551047a
snapshots/synthetic-ui-fixture-v0.1/articles.csv,3426,9c8c683f210aad1f6c03dcd7185bf620dbed853dce0c1a05802c297335927c77
snapshots/synthetic-ui-fixture-v0.1/coverage.csv,654,2a77450e44e644e329f0b3d721bfb75989310426e29ea8d369de991acd856f8f
snapshots/synthetic-ui-fixture-v0.1/evidence_spans.csv,764,2c98b7ef7353c907a955a6e76d8f453aa0f8dfdea9ab1be71bf79aec097bd818
snapshots/synthetic-ui-fixture-v0.1/interventions_outcomes.csv,347,1f8103b16305d575f42ed7203d085fc9a48090ff78cb5532b4591de38bc6b23d
snapshots/synthetic-ui-fixture-v0.1/snapshot_metadata.json,732,3608439c4ed0b9f6491e982a8be5597bf3dd49fb8f4c61bb7995c571d18ec0d0
snapshots/synthetic-ui-fixture-v0.1/study_facts.csv,787,85d5d3eee57cf75a9f854e14cb3b6fa8f487cb7a676e861fa7b508c3064cb2a9
TEST_REPORT.md,17741,75e8e44077f0415ce9e8459d492d4073dd3cd9a53c522a1fbd5205c9963810ea
tests/__init__.py,0,e3b0c44298fc1c149afbf4c8996fb92427ae41e4649b934ca495991b7852b855
tests/conftest.py,1048,13e2e1123af8c1ed020af9c6aaf5182a32c9d6fb202faeb5b5b1ff7903c59617
tests/test_app_smoke.py,6437,f70976384f68ae8e3807008a8465d3cc62bb60b2595d48653a44e916ab29956d
tests/test_audit.py,3027,ff588caff1d2cf9222b5fd750a90822e397347d232ece056c2a0354b7c8eb71c
tests/test_cards.py,2586,614c2f8388d016b4155a73f280fe3148f05d606823e6bb9935e290ef896c4f17
tests/test_charts.py,1767,175b9f8a0521d13c7aefbdad953e2429a3884082afbdc334f359773d7521a325
tests/test_data_contract.py,4143,193fd3277faf73477bd25645649727906de794469d49d0ea7db06d3e98508489
tests/test_filters_and_search.py,3936,0bc57ad4a4100e4fd2767c1d13771b4bf0ed09b53c1e51e805667d97fd4a98a7
tests/test_metrics.py,7107,881138eebf05600a970a88d483b8f7f6010a141baac3f2ac3bd755c4752788c1
tests/test_public_export.py,3339,3ddcef1d8246b1a7bd0df8ad9bdc43149d55e7040355a881d063e9eafce27116
tests/test_real_snapshot.py,1665,0a620f9a04fd06bf88597082a335df439a25f24a79d50aa17a9ab13e1df1968d
